Episode,Ep start ts,Feedback ts,Human Reward,Environment Reward
1,12:34:59.518456,12:35:02.362686,-1,-1.0
1,12:34:59.518456,12:35:43.421042,-1,-1.0
